{
  "KPI_08_Logout" : {
    "transaction" : "KPI_08_Logout",
    "sampleCount" : 35,
    "errorCount" : 0,
    "errorPct" : 0.0,
    "meanResTime" : 1282.6285714285714,
    "medianResTime" : 1298.0,
    "minResTime" : 907.0,
    "maxResTime" : 1618.0,
    "pct1ResTime" : 1579.2,
    "pct2ResTime" : 1602.8,
    "pct3ResTime" : 1618.0,
    "throughput" : 0.010066719339577193,
    "receivedKBytesPerSec" : 0.36807650366946304,
    "sentKBytesPerSec" : 0.03929363007840824
  },
  "KPI_03_Search /module/mijorasearch/search" : {
    "transaction" : "KPI_03_Search /module/mijorasearch/search",
    "sampleCount" : 36,
    "errorCount" : 0,
    "errorPct" : 0.0,
    "meanResTime" : 15249.166666666664,
    "medianResTime" : 14821.0,
    "minResTime" : 2966.0,
    "maxResTime" : 64720.0,
    "pct1ResTime" : 23615.2,
    "pct2ResTime" : 31592.949999999946,
    "pct3ResTime" : 64720.0,
    "throughput" : 0.010084129652775404,
    "receivedKBytesPerSec" : 1.84872810675928,
    "sentKBytesPerSec" : 0.013747778427721721
  },
  "MyWishlist /module/blockwishlist/mywishlist" : {
    "transaction" : "MyWishlist /module/blockwishlist/mywishlist",
    "sampleCount" : 35,
    "errorCount" : 0,
    "errorPct" : 0.0,
    "meanResTime" : 622.485714285714,
    "medianResTime" : 614.0,
    "minResTime" : 408.0,
    "maxResTime" : 1105.0,
    "pct1ResTime" : 809.4,
    "pct2ResTime" : 1040.9999999999995,
    "pct3ResTime" : 1105.0,
    "throughput" : 0.010063040636858216,
    "receivedKBytesPerSec" : 0.33535700631297666,
    "sentKBytesPerSec" : 0.01413655050180071
  },
  "KPI_04_ClickProduct /nutitelefon-xiaomi-13-pro-5g-12gb-256gb-dual-sim-keraamiline-valge-1531592.html" : {
    "transaction" : "KPI_04_ClickProduct /nutitelefon-xiaomi-13-pro-5g-12gb-256gb-dual-sim-keraamiline-valge-1531592.html",
    "sampleCount" : 36,
    "errorCount" : 0,
    "errorPct" : 0.0,
    "meanResTime" : 1550.7222222222226,
    "medianResTime" : 1486.0,
    "minResTime" : 1067.0,
    "maxResTime" : 2502.0,
    "pct1ResTime" : 1961.2000000000003,
    "pct2ResTime" : 2118.649999999999,
    "pct3ResTime" : 2502.0,
    "throughput" : 0.010119511429988159,
    "receivedKBytesPerSec" : 0.40261787280701755,
    "sentKBytesPerSec" : 0.02965826102450496
  },
  "KPI_01_Launch" : {
    "transaction" : "KPI_01_Launch",
    "sampleCount" : 36,
    "errorCount" : 0,
    "errorPct" : 0.0,
    "meanResTime" : 1017.8055555555554,
    "medianResTime" : 946.0,
    "minResTime" : 584.0,
    "maxResTime" : 2723.0,
    "pct1ResTime" : 1301.7000000000003,
    "pct2ResTime" : 1704.6999999999982,
    "pct3ResTime" : 2723.0,
    "throughput" : 0.010133508980822334,
    "receivedKBytesPerSec" : 0.40094983174152793,
    "sentKBytesPerSec" : 0.006867827375674511
  },
  "KPI_06_ViewCart /quick-order" : {
    "transaction" : "KPI_06_ViewCart /quick-order",
    "sampleCount" : 36,
    "errorCount" : 0,
    "errorPct" : 0.0,
    "meanResTime" : 5041.416666666667,
    "medianResTime" : 3588.5,
    "minResTime" : 2601.0,
    "maxResTime" : 53652.0,
    "pct1ResTime" : 4838.200000000001,
    "pct2ResTime" : 12950.599999999933,
    "pct3ResTime" : 53652.0,
    "throughput" : 0.009968262160864492,
    "receivedKBytesPerSec" : 0.6464295246807249,
    "sentKBytesPerSec" : 0.014051399059439086
  },
  "MyAddress /address" : {
    "transaction" : "MyAddress /address",
    "sampleCount" : 35,
    "errorCount" : 0,
    "errorPct" : 0.0,
    "meanResTime" : 674.8,
    "medianResTime" : 626.0,
    "minResTime" : 383.0,
    "maxResTime" : 1285.0,
    "pct1ResTime" : 1016.5999999999999,
    "pct2ResTime" : 1245.7999999999997,
    "pct3ResTime" : 1285.0,
    "throughput" : 0.010061756184674048,
    "receivedKBytesPerSec" : 0.36315752857969974,
    "sentKBytesPerSec" : 0.01800616401151295
  },
  "MyPersonalInformation /identity" : {
    "transaction" : "MyPersonalInformation /identity",
    "sampleCount" : 35,
    "errorCount" : 0,
    "errorPct" : 0.0,
    "meanResTime" : 638.6285714285711,
    "medianResTime" : 603.0,
    "minResTime" : 408.0,
    "maxResTime" : 1157.0,
    "pct1ResTime" : 866.3999999999999,
    "pct2ResTime" : 983.3999999999991,
    "pct3ResTime" : 1157.0,
    "throughput" : 0.010062195870129825,
    "receivedKBytesPerSec" : 0.32372026926579894,
    "sentKBytesPerSec" : 0.013899531058548756
  },
  "MyAccount /my-account" : {
    "transaction" : "MyAccount /my-account",
    "sampleCount" : 36,
    "errorCount" : 0,
    "errorPct" : 0.0,
    "meanResTime" : 1001.0277777777779,
    "medianResTime" : 916.0,
    "minResTime" : 647.0,
    "maxResTime" : 2048.0,
    "pct1ResTime" : 1259.7000000000005,
    "pct2ResTime" : 1876.2999999999997,
    "pct3ResTime" : 2048.0,
    "throughput" : 0.010133762854748554,
    "receivedKBytesPerSec" : 0.35514957275633563,
    "sentKBytesPerSec" : 0.019442837977177076
  },
  "Total" : {
    "transaction" : "Total",
    "sampleCount" : 427,
    "errorCount" : 0,
    "errorPct" : 0.0,
    "meanResTime" : 4222.845433255269,
    "medianResTime" : 1375.0,
    "minResTime" : 383.0,
    "maxResTime" : 246820.0,
    "pct1ResTime" : 8390.0,
    "pct2ResTime" : 14833.399999999996,
    "pct3ResTime" : 45838.599999999176,
    "throughput" : 0.11675084849431051,
    "receivedKBytesPerSec" : 6.548518425836963,
    "sentKBytesPerSec" : 0.2458238074529695
  },
  "KPI_05_AddToCart /cart" : {
    "transaction" : "KPI_05_AddToCart /cart",
    "sampleCount" : 36,
    "errorCount" : 0,
    "errorPct" : 0.0,
    "meanResTime" : 7774.388888888889,
    "medianResTime" : 7467.5,
    "minResTime" : 6232.0,
    "maxResTime" : 10409.0,
    "pct1ResTime" : 9408.500000000005,
    "pct2ResTime" : 10301.9,
    "pct3ResTime" : 10409.0,
    "throughput" : 0.01009426642862891,
    "receivedKBytesPerSec" : 0.6663574012423238,
    "sentKBytesPerSec" : 0.04511203899695518
  },
  "KPI_02_Login /login" : {
    "transaction" : "KPI_02_Login /login",
    "sampleCount" : 36,
    "errorCount" : 0,
    "errorPct" : 0.0,
    "meanResTime" : 11623.222222222223,
    "medianResTime" : 1982.5,
    "minResTime" : 1327.0,
    "maxResTime" : 246820.0,
    "pct1ResTime" : 5078.70000000001,
    "pct2ResTime" : 120656.1999999998,
    "pct3ResTime" : 246820.0,
    "throughput" : 0.010130785628354943,
    "receivedKBytesPerSec" : 0.3778999593713285,
    "sentKBytesPerSec" : 0.026266831878205443
  },
  "KPI_07_ViewCart /quick-order" : {
    "transaction" : "KPI_07_ViewCart /quick-order",
    "sampleCount" : 35,
    "errorCount" : 0,
    "errorPct" : 0.0,
    "meanResTime" : 3806.4857142857145,
    "medianResTime" : 3525.0,
    "minResTime" : 2752.0,
    "maxResTime" : 5799.0,
    "pct1ResTime" : 4970.0,
    "pct2ResTime" : 5785.4,
    "pct3ResTime" : 5799.0,
    "throughput" : 0.010055867526874306,
    "receivedKBytesPerSec" : 0.673087416644041,
    "sentKBytesPerSec" : 0.014155934272695016
  }
}